Nazwa,Latitude,Longitude,Etap,Dzień,Data,Km dnia,Nocleg,Adres
Jasna Góra,50.812589,19.097374,Etap II,Dzień 5,18.06,28,start,"Jasna Góra, Częstochowa"
Zamek Olsztyn,50.749698,19.274199,Etap II,Dzień 5,18.06,28,,"Zamek Olsztyn, Olsztyn koło Częstochowy"
Zrębice,50.728,19.328,Etap II,Dzień 5,18.06,28,,Zrębice
Złoty Potok,50.713817,19.439776,Etap II,Dzień 5,18.06,28,tak,Złoty Potok
Ostrężnik,50.674717,19.400251,Etap II,Dzień 6,19.06,24,,Ostrężnik
Zamek Mirów,50.614542,19.475259,Etap II,Dzień 6,19.06,24,,Zamek Mirów
Zamek Bobolice,50.613414,19.493254,Etap II,Dzień 6,19.06,24,tak,Zamek Bobolice
Góra Zborów,50.572537,19.530464,Etap II,Dzień 7,20.06,26,,"Góra Zborów, Podlesice"
Zamek Morsko,50.550709,19.520744,Etap II,Dzień 7,20.06,26,,Zamek Morsko
Skarżyce,50.505,19.547,Etap II,Dzień 7,20.06,26,,Skarżyce
Zamek Ogrodzieniec,50.453117,19.552043,Etap II,Dzień 7,20.06,26,tak,"Zamek Ogrodzieniec, Podzamcze"
Zamek Smoleń,50.43,19.663,Etap II,Dzień 8,21.06,27,,Zamek Smoleń
Bydlin,50.381186,19.646359,Etap II,Dzień 8,21.06,27,,Bydlin
Punkt widokowy Czubatka,50.336387,19.549142,Etap II,Dzień 8,21.06,27,tak,"Punkt widokowy Czubatka, Klucze"
Olkusz,50.281,19.565,Etap II,Dzień 9,22.06,25,,Olkusz
Zamek Rabsztyn,50.299818,19.592698,Etap II,Dzień 9,22.06,25,,Zamek Rabsztyn
Sułoszowa,50.29,19.735,Etap II,Dzień 9,22.06,25,,Sułoszowa
Zamek Pieskowa Skała,50.24466,19.778446,Etap II,Dzień 9,22.06,25,tak,Zamek Pieskowa Skała
Pustelnia bł. Salomei,50.229449,19.82472,Etap II,Dzień 10,23.06,18,,"Pustelnia bł. Salomei, Grodzisko"
Brama Krakowska,50.2064,19.8303,Etap II,Dzień 10,23.06,18,,"Brama Krakowska, Ojców"
Zamek w Ojcowie,50.211705,19.830056,Etap II,Dzień 10,23.06,18,tak,Zamek w Ojcowie
Zamek Korzkiew,50.16223,19.882631,Etap II,Dzień 11,24.06,26,,Zamek Korzkiew
Zielonki,50.119,19.924,Etap II,Dzień 11,24.06,26,,Zielonki
Wawel,50.054112,19.935423,Etap II,Dzień 11,24.06,26,,"Wawel, Kraków"
Sanktuarium Bożego Miłosierdzia,50.02142,19.936797,Etap II,Dzień 11,24.06,26,tak,"Sanktuarium Bożego Miłosierdzia, Kraków-Łagiewniki"
